{
  "locations": [
    {"id":1,"location":"Albany"},
    {"id":2,"location":"Baltimore"},
    {"id":3,"location":"Boston"},
    {"id":4,"location":"Buffalo"},
    {"id":5,"location":"New York"},
    {"id":6,"location":"Philadelphia"},
    {"id":7,"location":"Pittsburgh"},
    {"id":8,"location":"Portland, Me"},
    {"id":9,"location":"Washington"},
    {"id":10,"location":"Atlanta"},
    {"id":11,"location":"Charleston"},
    {"id":12,"location":"Charlotte"},
    {"id":13,"location":"Chattanooga"},
    {"id":14,"location":"Jacksonville"},
    {"id":15,"location":"Knoxville"},
    {"id":16,"location":"Miami"},
    {"id":17,"location":"Mobile"},
    {"id":18,"location":"Norfolk"},
    {"id":19,"location":"Richmond"},
    {"id":20,"location":"Tampa"},
    {"id":21,"location":"Chicago"},
    {"id":22,"location":"Cincinnati"},
    {"id":23,"location":"Cleveland"},
    {"id":24,"location":"Columbus"},
    {"id":25,"location":"Detroit"},
    {"id":26,"location":"Indianapolis"},
    {"id":27,"location":"Milwaukee"},
    {"id":28,"location":"St. Louis"},
    {"id":29,"location":"Birmingham"},
    {"id":30,"location":"Dallas"},
    {"id":31,"location":"Fort Worth"},
    {"id":32,"location":"Houston"},
    {"id":33,"location":"Little Rock"},
    {"id":34,"location":"Louisville"},
    {"id":35,"location":"Memphis"},
    {"id":36,"location":"Nashville"},
    {"id":37,"location":"New Orleans"},
    {"id":38,"location":"San Antonio"},
    {"id":39,"location":"Shreveport"},
    {"id":40,"location":"Denver"},
    {"id":41,"location":"Des Moines"},
    {"id":42,"location":"Fargo"},
    {"id":43,"location":"Kansas City"},
    {"id":44,"location":"Minneapolis"},
    {"id":45,"location":"Oklahoma City"},
    {"id":46,"location":"Omaha"},
    {"id":47,"location":"Pueblo"},
    {"id":48,"location":"St. Paul"},
    {"id":49,"location":"Billings"},
    {"id":50,"location":"Butte"},
    {"id":51,"location":"Casper"},
    {"id":52,"location":"Pocatello"},
    {"id":53,"location":"Portland, Ore."},
    {"id":54,"location":"Rapid City"},
    {"id":55,"location":"Salt Lake City"},
    {"id":56,"location":"Seattle"},
    {"id":57,"location":"Spokane"},
    {"id":58,"location":"El Paso"},
    {"id":59,"location":"Las Vegas"},
    {"id":60,"location":"Los Angeles"},
    {"id":61,"location":"Oakland"},
    {"id":62,"location":"Phoenix"},
    {"id":63,"location":"Reno"},
    {"id":64,"location":"Sacramento"},
    {"id":65,"location":"San Diego"},
    {"id":66,"location":"San Francisco"},
    {"id":67,"location":"Tucumcari"}
  ]
}
